id,upvotes,age
gs97dq,11,5658.051661968231
gs97dq,18,8898.503783464432
gs97dq,19,12494.370254039764
gthsgr,17,4933.503420829773
gtg2zz,29,10955.503420829773
gthsgr,21,8835.01328921318
gtl0ck,0,6905.159221172333
gtl0ck,0,9546.519873857498
gu5s3w,1,1300.4067256450653
gu5s3w,0,4892.63712644577
gu5s3w,5,8493.084547996521
gujvwt,0,1782.1505861282349
gujvwt,5,6203.888616800308
gujvwt,7,9802.48635339737
gujvwt,7,13403.354633569717
guowi1,2,2876.9628982543945
guqlxi,3,1165.2863910198212
guowi1,7,6478.286391019821
guqlxi,3,4776.221063613892
guowi1,7,10089.221063613892
guowi1,9,13685.647446632385
guwcrp,1,852.4911499023438
gvgzlg,4,898.8390853404999
gw6hr5,11,2859.8391404151917
gw6b3v,6,3511.8391404151917
gw6hr5,21,6462.254999637604
gw6b3v,12,7114.254999637604
gw8gyc,4,2790.138214826584
gw6hr5,30,10068.138214826584
gw6b3v,14,10720.138214826584
gwgz0b,17,8468.064609766006
gwgz0b,19,12062.352514743805
