id,upvotes,age
gs5i70,7,18735.05166196823
gs5i70,9,21975.50378346443
gs5i70,10,25571.371278762817
gs97dq,25,16094.885149717331
gtg2zz,34,14857.01328921318