id,upvotes,age
gs5i70,7,18735.05166196823
gs5i70,9,21975.50378346443
gs5i70,10,25571.371278762817
gs97dq,25,16094.885149717331
gtg2zz,34,14857.01328921318
gthsgr,28,17841.159221172333
gtg2zz,39,23863.159221172333
gthsgr,29,20482.519873857498
gtg2zz,40,26504.519873857498
gthsgr,30,21813.82598900795
gtg2zz,37,27835.82598900795
gthsgr,35,25413.176664590836
gujvwt,10,17003.435351848602
gujvwt,14,20601.962898254395
gujvwt,16,24203.28639101982
gujvwt,17,27814.22106361389
guowi1,10,17287.48584151268
guowi1,15,20877.073228359222
guowi1,12,24472.491149902344
guowi1,14,28072.376046180725
gwf8q9,3,15709.064609766006
gwf8q9,4,19303.352514743805
gwm4zv,2,17502.16003012657
gwm4zv,1,20408.449877262115
gx8sdy,38,17011.863828897476
gx8sdy,38,20609.607575893402
gx8sdy,47,24216.955983877182
gxd0q5,6,14494.99245762825
gx8sdy,52,27810.99344921112
gxd0q5,7,18095.32270550728
gxeajo,10,17500.67236304283
gxd0q5,6,21704.67236304283
gxeajo,14,21094.814957618713
gxd0q5,6,25298.81595468521
gxo4tu,10,15159.755521297455
gxo4tu,12,18759.376142263412
