id,upvotes,age
gs97dq,11,5658.051661968231
gs97dq,18,8898.503783464432
gs97dq,19,12494.370254039764
gthsgr,17,4933.503420829773
gtg2zz,29,10955.503420829773
gthsgr,21,8835.01328921318