id,upvotes,age
gs5i70,9,29171.88514971733
gtg2zz,41,31435.176664590836
gthsgr,38,29024.144896507263
gtg2zz,41,35046.14489650726
gthsgr,42,32627.711963653564
gtg2zz,39,38649.711963653564
gthsgr,45,36219.29927062988
gtg2zz,39,42241.29927062988
gtu0ny,0,31864.33503627777
guecf7,0,28956.15158057213
gujvwt,15,31410.647446632385
gujvwt,16,35012.48584151268
gujvwt,17,38602.07322835922
gujvwt,17,42197.491149902344
guowi1,17,31687.656386375427
guowi1,18,35279.52524256706
guowi1,20,38877.40673017502
guowi1,20,42471.74111008644
