id,upvotes,age
gxuo6k,10,7653.007415294647
gxtzbd,3,9909.007415294647
