id,upvotes,age
gs5i70,9,29171.88514971733
gtg2zz,41,31435.176664590836
gthsgr,38,29024.144896507263
gtg2zz,41,35046.14489650726
gthsgr,42,32627.711963653564
gtg2zz,39,38649.711963653564
gthsgr,45,36219.29927062988
gtg2zz,39,42241.29927062988
gujvwt,15,31410.647446632385
gujvwt,16,35012.48584151268
gujvwt,17,38602.07322835922
gujvwt,17,42197.491149902344
guowi1,17,31687.656386375427
guowi1,18,35279.52524256706
guowi1,20,38877.40673017502
guowi1,20,42471.74111008644
gwgz0b,30,34303.16003012657
gwf8q9,5,41544.16003012657
gwgz0b,30,37209.449877262115 
gwm4zv,1,35548.29520320892
gx8sdy,51,31411.32270550728
gx8sdy,52,35020.67236304283
gx8sdy,58,38614.81595468521
gxki2e,12,33809.755521297455
gxjrpx,48,36955.755521297455
gxjnjj,5,37438.7565176487
gxki2e,14,37409.37711453438
gxjrpx,53,40555.37711453438
gxjnjj,6,41038.37711453438
gxki2e,13,41009.825732946396
gxo4tu,18,29558.090810775757
gxo4tu,17,33157.7220556736
gxpn0t,52,29376.77090549469
gxo4tu,18,36760.77090549469
gxpn0t,55,32975.14598965645
gxo4tu,18,40359.14598965645
gxpn0t,59,36577.527990818024
gxpn0t,60,40174.00664329529
gyegc7,16,30724.344062805176
gyegc7,19,34326.54296040535
gyegc7,17,37930.25041222572
gyegc7,20,41537.96013259888
gys2yt,4,40944.723490953445
gz0sme,35,29391.31322836876
gz0sme,36,32991.692912817
gz0sme,41,36595.71073555946
gz42mv,13,29791.323403835297
gz0sme,39,40200.3234038353
gz42mv,13,33389.45667886734
gzg4lf,4,32619.762105703354
gzg4lf,8,37309.44356274605
gzg4lf,9,40799.17014455795
gzqzd7,27,29465.282470941544
gzrgx1,7,31610.1976044178
gzqzd7,28,33052.1976044178
gzrgx1,7,35209.77647638321
gzqzd7,26,36651.77647638321
gzrgx1,7,38732.58708500862
gzqzd7,29,40174.58708500862
h0rw37,10,35119.92954945564
h0rw37,11,38716.064296245575
h10bao,44,34645.22555422783
h10bao,45,38268.03183746338
h13dhp,14,32135.949776172638
h10bao,43,41843.94977617264
h142vl,0,33567.34752583504
h13dhp,12,35736.34752583504
h165hc,61,30927.151489257812
h13dhp,15,39333.15148925781
h165hc,67,34584.85834980011
h13dhp,14,42990.85834980011
