id,upvotes,age
gs97dq,11,5658.051661968231
gs97dq,18,8898.503783464432
gs97dq,19,12494.370254039764
gthsgr,17,4933.503420829773
gtg2zz,29,10955.503420829773
gthsgr,21,8835.01328921318
gtl0ck,0,6905.159221172333
gtl0ck,0,9546.519873857498
gu5s3w,1,1300.4067256450653
gu5s3w,0,4892.63712644577
gu5s3w,5,8493.084547996521
gujvwt,0,1782.1505861282349
gujvwt,5,6203.888616800308
gujvwt,7,9802.48635339737
gujvwt,7,13403.354633569717
guowi1,2,2876.9628982543945
guqlxi,3,1165.2863910198212
guowi1,7,6478.286391019821
guqlxi,3,4776.221063613892
guowi1,7,10089.221063613892
guowi1,9,13685.647446632385
guwcrp,1,852.4911499023438
gvgzlg,4,898.8390853404999
gw6hr5,11,2859.8391404151917
gw6b3v,6,3511.8391404151917
gw6hr5,21,6462.254999637604
gw6b3v,12,7114.254999637604
gw8gyc,4,2790.138214826584
gw6hr5,30,10068.138214826584
gw6b3v,14,10720.138214826584
gwgz0b,17,8468.064609766006
gwgz0b,19,12062.352514743805
gwnp8p,0,12765.160030126572
gwwf7z,0,1810.2942054271698
gx8sdy,10,2611.032863140106
gx8sdy,19,6212.574280738831
gx8sdy,27,9810.943796634674
gxd0q5,1,93.67192578315735
gx8sdy,31,13409.67290019989
gxd0q5,4,3695.8628561496735
gxeajo,2,3089.6066131591797
gxd0q5,4,7293.607575893402
gxg70u,1,152.95299196243286
gxeajo,5,6696.954987049103
gxd0q5,5,10900.954987049103
gxh0le,1,744.9914810657501
gxeajo,7,10290.99245762825
gxh0le,3,4345.321937322617
gxeajo,10,13891.321937322617
gxh0le,3,7954.671366453171
gxjrpx,1,958.8149576187134
gxjnjj,1,1441.8149576187134
gxjjv1,0,1849.8149576187134
gxpn0t,15,7775.754523038864
gxpn0t,23,11375.376142263412
gxuo6k,1,126.19304609298706
gxtzbd,2,2382.193046092987
gxuo6k,6,3726.090810775757
gxtzbd,4,5982.090810775757
gxuo6k,10,7325.722055673599
gxtzbd,4,9581.7220556736
gxuo6k,12,10928.77090549469
gxtzbd,4,13184.77090549469
gy0gx9,1,1804.006643295288
gy0gx9,0,5412.914710044861
gy69s3,0,1500.226309299469
gy491u,3,10686.226309299469
gy3gt0,20,13762.226309299469
gyegc7,1,1925.2252669334412
